A,op,64.7,126.265625
B,op,56.9,176.107421875
A,op,64.2,272.224609375
B,op,55.7,176.107421875
A,op,62.5,272.224609375
B,op,58.6,176.107421875
A,op,61.1,272.224609375
B,op,55.8,176.107421875
A,op,61.2,272.224609375
B,op,61.4,18.212890625
A,op,67.1,102.333984375
B,op,55.5,176.107421875
A,op,64.0,272.224609375
B,op,57.6,176.107421875
A,op,61.4,272.224609375
B,op,57.2,1.279296875
A,op,64.5,102.541015625
B,op,58.7,176.107421875
A,op,62.6,155.978515625
B,op,54.1,176.107421875
A,op,62.4,271.8125
B,op,54.9,176.107421875
A,op,60.9,222.205078125
B,op,59.3,30.216796875
A,op,62.8,114.27734375
B,op,58.9,26.216796875
A,op,62.4,272.224609375
B,op,54.0,18.19921875
A,op,62.6,272.224609375
B,op,57.0,6.4140625
A,op,66.9,272.224609375
B,op,55.7,176.107421875
A,op,64.2,272.224609375
B,op,57.8,176.107421875
A,op,64.3,272.224609375
B,op,61.0,176.107421875
A,op,61.4,272.224609375
B,op,60.2,176.107421875
A,op,63.3,272.224609375
B,op,57.7,176.107421875
A,op,61.6,272.224609375
B,op,56.3,176.107421875
A,op,61.6,272.224609375
B,op,59.2,176.107421875
A,op,61.0,272.224609375
B,op,57.8,66.810546875
A,op,62.8,89.4140625
B,op,56.4,176.107421875
A,op,66.7,89.4140625
B,op,53.9,1.326171875
A,op,64.4,272.224609375
B,op,56.7,18.21484375
A,op,63.1,272.224609375
B,op,62.7,176.107421875
A,op,63.8,272.224609375
B,op,54.5,176.107421875
A,op,64.5,272.224609375
B,op,56.9,176.107421875
A,op,62.6,272.224609375
B,op,55.4,176.107421875
A,op,61.3,272.224609375
B,op,55.2,176.09765625
A,op,64.1,272.224609375
B,op,57.5,18.19921875
A,op,62.2,0.73046875
B,op,55.6,176.107421875
A,op,63.0,69.447265625
B,op,57.3,8.212890625
A,op,68.9,89.4140625
B,op,61.5,176.107421875
A,op,65.9,272.224609375
B,op,60.7,176.107421875
A,op,62.9,88.0234375
B,op,57.8,176.107421875
A,op,62.0,102.58203125
B,op,54.5,176.107421875
A,op,70.6,86.494140625
B,op,61.7,18.234375
A,op,69.3,97.416015625
B,op,62.1,144.927734375
A,op,66.0,32.009765625
B,op,56.9,176.107421875
A,op,67.4,260.880859375
B,op,57.0,176.107421875
A,op,62.1,41.154296875
B,op,57.7,60.34375
A,op,63.5,272.224609375
B,op,57.0,176.107421875
A,op,64.7,113.421875
B,op,60.3,1.306640625
A,op,65.7,187.91796875
B,op,55.7,62.24609375
A,op,71.9,272.224609375
B,op,57.3,176.107421875
A,op,69.5,272.224609375
B,op,64.7,176.107421875
A,op,69.0,272.224609375
B,op,60.5,134.115234375
A,op,65.8,69.466796875
B,op,59.8,176.107421875
A,op,71.3,272.224609375
B,op,61.7,176.107421875
A,op,65.9,142.30078125
B,op,62.1,176.107421875
A,op,70.2,272.224609375
B,op,59.7,176.107421875
A,op,96.9,272.224609375
B,op,64.4,176.107421875
A,op,69.4,272.224609375
B,op,61.7,176.107421875
A,op,70.5,230.36328125
B,op,63.8,176.107421875
A,op,70.9,102.541015625
B,op,60.4,176.107421875
A,op,68.8,272.224609375
B,op,57.7,176.107421875
A,op,65.5,41.220703125
B,op,66.0,176.107421875
A,op,64.9,272.224609375
B,op,60.7,176.107421875
A,op,61.9,272.224609375
B,op,55.9,176.107421875
A,run,75.5,272.2734375
B,run,69.1,176.146484375
A,run,73.4,99.427734375
B,run,73.8,62.8125
A,run,72.6,272.2734375
B,run,73.4,176.146484375
A,run,75.1,50.26171875
B,run,75.1,176.146484375
A,run,74.6,230.40625
B,run,68.9,79.587890625
A,run,76.1,272.2734375
B,run,74.6,153.138671875
A,run,74.7,272.2734375
B,run,70.4,153.16015625
A,run,74.7,251.119140625
B,run,70.1,176.146484375
A,run,76.1,272.2734375
B,run,70.2,158.216796875
A,run,76.1,261.7109375
B,run,70.3,94.2578125
A,run,74.2,272.2734375
B,run,69.4,176.146484375
A,run,75.6,272.2734375
B,run,71.3,176.146484375
A,run,75.6,272.2734375
B,run,70.2,176.15234375
A,run,73.4,238.154296875
B,run,70.1,164.48828125
A,run,73.9,272.2734375
B,run,73.8,176.146484375
A,run,76.7,272.2734375
B,run,71.3,153.1328125
A,run,73.5,250.16015625
B,run,73.2,176.14453125
A,run,74.8,272.2734375
B,run,68.8,96.408203125
A,run,73.9,272.2734375
B,run,72.7,176.146484375
A,run,75.3,230.609375
B,run,71.7,153.13671875
A,run,76.5,29.87890625
B,run,72.3,96.1171875
A,run,74.3,272.2734375
B,run,68.6,176.146484375
A,run,74.5,272.2734375
B,run,72.6,142.0546875
A,run,79.5,249.41796875
B,run,71.7,38.912109375
A,run,73.5,272.2734375
B,run,69.1,176.15234375
A,run,75.5,272.2734375
B,run,68.6,176.1484375
A,run,74.7,254.345703125
B,run,70.0,153.1328125
A,run,75.6,192.2421875
B,run,72.4,176.146484375
A,run,74.9,272.2734375
B,run,71.2,113.802734375
A,run,72.9,230.60546875
B,run,72.9,176.146484375
A,run,79.8,272.2734375
B,run,75.7,137.7265625
A,run,81.4,235.580078125
B,run,74.1,72.1875
A,run,82.5,272.2734375
B,run,81.8,27.125
A,run,80.9,272.2734375
B,run,75.7,176.14453125
A,run,83.1,272.2734375
B,run,74.9,22.16796875
A,run,83.5,231.7421875
B,run,76.1,176.15234375
A,run,80.6,272.2734375
B,run,75.8,176.146484375
A,run,80.3,272.2734375
B,run,74.2,176.146484375
A,run,82.5,272.2734375
B,run,71.1,4.92578125
A,run,79.6,193.8984375
B,run,73.9,176.146484375
A,run,78.5,272.2734375
B,run,71.9,10.0703125
A,run,76.7,272.2734375
B,run,70.3,176.146484375
A,run,74.0,142.47265625
B,run,70.4,176.14453125
A,run,76.2,230.60546875
B,run,70.7,176.15234375
A,run,75.7,198.3671875
B,run,74.5,176.14453125
A,run,75.3,272.2734375
B,run,68.7,153.13671875
A,run,75.9,111.16015625
B,run,74.2,176.150390625
A,run,73.7,270.158203125
B,run,70.6,176.146484375
A,run,75.5,272.2734375
B,run,71.3,176.146484375
A,run,80.2,272.2734375
B,run,72.4,176.15234375
A,run,75.6,230.40625
B,run,74.3,176.146484375
A,run,75.5,272.2734375
B,run,71.8,176.146484375
A,run,75.1,272.2734375
B,run,68.5,176.1484375
A,run,75.6,254.345703125
B,run,73.6,176.146484375
A,run,75.5,272.2734375
B,run,72.7,176.14453125
A,run,75.1,230.60546875
B,run,69.3,176.146484375
A,run,75.2,230.60546875
B,run,70.8,176.146484375
A,run,76.3,272.2734375
B,run,70.1,41.419921875
A,run,74.8,272.2734375
B,run,73.6,176.146484375
A,run,75.2,272.2734375
B,run,70.1,176.146484375
A,run,74.7,272.2734375
B,run,73.6,176.146484375
A,tagged,206.8,244.626953125
B,tagged,204.3,35.953125
A,tagged,225.9,83.79296875
B,tagged,208.4,36.203125
A,tagged,210.2,304.666015625
B,tagged,208.7,36.208984375
A,tagged,210.3,83.59375
B,tagged,209.4,207.107421875
A,tagged,209.3,72.966796875
B,tagged,177.0,87.724609375
A,tagged,210.0,433.716796875
B,tagged,178.2,36.1640625
A,tagged,219.1,7.1015625
B,tagged,181.0,318.474609375
A,tagged,207.7,83.912109375
B,tagged,206.9,137.921875
A,tagged,209.5,239.494140625
B,tagged,205.6,228.6328125
A,tagged,208.2,83.90625
B,tagged,177.1,62.224609375
A,tagged,208.7,225.197265625
B,tagged,178.9,299.89453125
A,tagged,208.2,132.0078125
B,tagged,176.5,111.291015625
A,tagged,206.3,83.921875
B,tagged,207.2,35.962890625
A,tagged,209.5,83.79296875
B,tagged,177.7,86.69921875
A,tagged,226.9,225.984375
B,tagged,178.7,179.521484375
A,tagged,215.2,244.572265625
B,tagged,176.6,496.25390625
A,tagged,206.9,84.091796875
B,tagged,206.7,36.0625
A,tagged,208.1,48.419921875
B,tagged,175.4,84.142578125
A,tagged,184.8,413.96875
B,tagged,182.2,350.1875
A,tagged,199.7,85.40234375
B,tagged,181.6,496.25390625
A,tagged,205.7,438.298828125
B,tagged,175.1,455.890625
A,tagged,256.9,83.79296875
B,tagged,221.1,249.693359375
A,tagged,229.1,83.80859375
B,tagged,256.6,322.248046875
A,tagged,224.3,296.263671875
B,tagged,223.5,36.203125
A,tagged,210.9,83.7890625
B,tagged,179.4,271.7421875
A,tagged,210.6,3.3984375
B,tagged,179.4,86.08984375
A,tagged,213.6,91.01171875
B,tagged,186.7,230.361328125
A,tagged,209.8,454.48046875
B,tagged,180.2,297.658203125
A,tagged,209.2,84.0859375
B,tagged,178.6,84.078125
A,tagged,220.8,132.35546875
B,tagged,223.4,283.673828125
A,tagged,208.7,268.68359375
B,tagged,181.5,164.11328125
A,tagged,207.5,12.572265625
B,tagged,183.0,496.25390625
A,tagged,230.0,83.791015625
B,tagged,223.8,496.25390625
A,tagged,208.5,262.923828125
B,tagged,176.2,86.5703125
A,tagged,208.7,132.40625
B,tagged,182.5,496.25390625
A,tagged,210.4,83.923828125
B,tagged,177.7,86.2578125
A,tagged,209.8,318.626953125
B,tagged,180.5,158.595703125
A,tagged,200.1,529.35546875
B,tagged,205.0,36.087890625
A,tagged,207.8,592.201171875
B,tagged,205.1,36.220703125
A,tagged,206.7,83.79296875
B,tagged,176.5,50.380859375
A,tagged,207.6,236.501953125
B,tagged,175.5,84.037109375
A,tagged,206.6,83.89453125
B,tagged,176.2,123.2890625
A,tagged,208.7,455.826171875
B,tagged,186.4,235.095703125
A,tagged,206.6,26.458984375
B,tagged,204.9,35.978515625
A,tagged,207.0,131.5546875
B,tagged,177.5,35.67578125
A,tagged,207.7,360.791015625
B,tagged,204.2,109.068359375
A,tagged,208.8,2.90625
B,tagged,175.4,4.107421875
A,tagged,208.1,504.046875
B,tagged,178.2,53.865234375
A,tagged,209.9,134.595703125
B,tagged,175.2,60.58984375
A,tagged,207.4,330.439453125
B,tagged,178.2,179.521484375
A,tagged,208.9,66.095703125
B,tagged,179.6,222.4765625
A,tagged,183.0,85.2265625
B,tagged,202.9,101.244140625
A,tagged,207.9,131.94921875
B,tagged,179.7,394.5234375
A,tagged,206.5,70.27734375
B,tagged,175.7,84.908203125
A,tagged,207.6,42.798828125
B,tagged,174.8,496.25390625
A,tagged,208.6,132.349609375
B,tagged,179.1,172.833984375
A,tagged,208.0,135.55078125
B,tagged,204.0,101.244140625
A,tagged,208.0,132.869140625
B,tagged,174.3,107.025390625
A,tagged,208.0,112.390625
B,tagged,176.0,35.685546875
A,tagged,208.8,46.021484375
B,tagged,175.1,86.5546875
A,tagged,207.0,592.19140625
B,tagged,176.2,0.74609375
A,session,505.5,36.818359375
B,session,526.4,337.845703125
A,session,506.2,545.24609375
B,session,522.1,18.42578125
A,session,510.5,545.24609375
B,session,515.1,2.779296875
A,session,515.7,18.787109375
B,session,509.3,36.79296875
A,session,516.1,36.732421875
B,session,540.8,291.08984375
A,session,510.1,545.24609375
B,session,511.8,36.744140625
A,session,508.3,35.3984375
B,session,512.2,429.125
A,session,510.0,545.24609375
B,session,505.6,545.255859375
A,session,508.6,545.24609375
B,session,498.7,36.697265625
A,session,498.9,17.583984375
B,session,523.3,328.53125
A,session,507.0,545.25
B,session,517.0,152.89453125
A,session,518.1,520.03515625
B,session,525.3,450.806640625
A,session,508.0,361.845703125
B,session,506.1,465.314453125
A,session,522.1,529.20703125
B,session,514.3,227.318359375
A,session,512.8,545.26953125
B,session,510.4,36.876953125
A,session,526.9,188.75390625
B,session,511.1,18.8125
A,session,510.6,545.24609375
B,session,506.5,37.31640625
A,session,520.6,529.2109375
B,session,510.9,545.29296875
A,session,509.2,371.826171875
B,session,511.1,545.29296875
A,session,507.2,36.79296875
B,session,507.7,35.419921875
A,session,501.3,545.25
B,session,506.3,545.265625
A,session,502.8,36.732421875
B,session,514.6,246.560546875
A,session,528.5,529.20703125
B,session,503.7,36.79296875
A,session,522.2,172.75
B,session,529.1,361.845703125
A,session,510.4,36.72265625
B,session,526.3,243.181640625
A,session,531.3,320.630859375
B,session,551.8,132.736328125
A,session,501.6,535.447265625
B,session,521.9,363.244140625
A,session,503.3,363.830078125
B,session,503.7,545.259765625
A,session,522.9,7.83203125
B,session,516.1,338.015625
A,session,504.7,545.24609375
B,session,509.2,36.845703125
A,session,517.0,243.6953125
B,session,504.9,545.26953125
A,session,504.7,36.79296875
B,session,501.7,410.5390625
A,session,518.0,35.392578125
B,session,502.4,35.392578125
A,session,510.8,227.1328125
B,session,502.6,545.283203125
A,session,518.5,529.20703125
B,session,502.2,545.26953125
A,session,504.1,36.732421875
B,session,542.5,233.212890625
A,session,518.3,13.859375
B,session,516.0,36.744140625
A,session,504.3,36.8671875
B,session,537.2,458.98828125
A,session,503.6,465.30859375
B,session,503.7,286.416015625
A,session,528.8,529.20703125
B,session,501.6,270.56640625
A,session,509.5,367.986328125
B,session,505.8,353.984375
A,session,519.0,484.9375
B,session,518.4,243.8046875
A,session,519.4,2.779296875
B,session,507.8,465.314453125
A,session,527.0,519.595703125
B,session,527.7,545.24609375
A,session,503.5,36.818359375
B,session,513.8,35.4375
A,session,502.8,35.61328125
B,session,518.6,529.10546875
A,session,503.1,358.546875
B,session,507.7,545.26953125
A,session,520.7,342.318359375
B,session,508.3,440.384765625
A,session,500.7,347.314453125
B,session,505.8,35.33203125
A,session,522.9,225.30859375
B,session,495.0,35.40625
A,session,509.9,545.24609375
B,session,503.0,35.541015625
A,session,506.2,16.6875
B,session,505.1,35.673828125
A,session,507.4,371.671875
B,session,503.5,36.79296875
A,session,499.7,36.79296875
B,session,508.7,545.24609375
A,session,530.4,196.787109375
B,session,515.1,353.931640625
A,session,504.6,227.177734375
B,session,505.0,465.314453125
A,session,504.0,545.25
B,session,508.8,18.8125
A,session,504.0,545.24609375
B,session,508.5,433.90234375
A,session,504.5,433.857421875
B,session,527.2,20.005859375
A,session,501.1,545.24609375
B,session,512.9,515.255859375
A,session,500.9,38.26171875
B,session,515.4,331.63671875
A,lifecycle,840.3,672.2109375
B,lifecycle,837.0,291.111328125
A,lifecycle,854.5,148
B,lifecycle,834.4,18.474609375
A,lifecycle,871.3,201.693359375
B,lifecycle,844.2,259.55078125
A,lifecycle,858.9,152.62890625
B,lifecycle,846.6,145.314453125
A,lifecycle,850.3,18.75
B,lifecycle,869.8,165.552734375
A,lifecycle,870.9,14.41015625
B,lifecycle,860.8,90.869140625
A,lifecycle,845.6,45.716796875
B,lifecycle,863.4,2.4921875
A,lifecycle,854.2,747.24609375
B,lifecycle,848.5,12.345703125
A,lifecycle,853.9,488.720703125
B,lifecycle,843.7,286.900390625
A,lifecycle,898.9,96.4140625
B,lifecycle,857.1,755.505859375
A,lifecycle,846.8,582.734375
B,lifecycle,858.4,53.8828125
A,lifecycle,842.4,131.140625
B,lifecycle,886.8,216.751953125
A,lifecycle,847.1,747.24609375
B,lifecycle,861.9,258.970703125
A,lifecycle,851.1,280.060546875
B,lifecycle,840.4,57.21875
A,lifecycle,865.4,305.306640625
B,lifecycle,851.2,85.767578125
A,lifecycle,846.0,287.107421875
B,lifecycle,849.9,33.765625
A,lifecycle,859.3,284.23046875
B,lifecycle,845.8,141.126953125
A,lifecycle,856.0,106.185546875
B,lifecycle,858.4,34.5234375
A,lifecycle,824.7,26.130859375
B,lifecycle,855.5,10.494140625
A,lifecycle,893.6,747.24609375
B,lifecycle,903.7,42.501953125
A,lifecycle,848.6,33.373046875
B,lifecycle,840.7,755.505859375
A,lifecycle,838.9,32.498046875
B,lifecycle,839.6,289.19140625
A,lifecycle,837.8,281.416015625
B,lifecycle,854.0,2.4921875
A,lifecycle,846.4,297.46484375
B,lifecycle,883.0,128.21484375
A,lifecycle,838.9,96.919921875
B,lifecycle,839.5,292.673828125
A,lifecycle,830.3,165.677734375
B,lifecycle,837.7,755.341796875
A,lifecycle,851.1,554.765625
B,lifecycle,838.0,91.2890625
A,lifecycle,848.5,280.935546875
B,lifecycle,855.2,254.169921875
A,lifecycle,847.0,747.24609375
B,lifecycle,877.6,2.447265625
A,lifecycle,851.1,102.94921875
B,lifecycle,839.4,2.20703125
A,lifecycle,840.6,2.732421875
B,lifecycle,861.2,34.5
A,lifecycle,857.9,35.83203125
B,lifecycle,840.9,57.162109375
A,lifecycle,860.3,101.26171875
B,lifecycle,852.2,21.875
A,lifecycle,857.0,281.1015625
B,lifecycle,907.9,474.951171875
A,lifecycle,835.3,718.265625
B,lifecycle,857.7,164.287109375
A,lifecycle,841.2,205.615234375
B,lifecycle,848.2,164.576171875
A,lifecycle,848.5,2.73046875
B,lifecycle,851.9,291.443359375
A,lifecycle,866.4,673.513671875
B,lifecycle,864.2,76.4453125
A,lifecycle,837.3,623.458984375
B,lifecycle,892.5,44.91015625
A,lifecycle,845.5,141.666015625
B,lifecycle,869.2,755.529296875
A,lifecycle,849.3,14.119140625
B,lifecycle,863.5,129.6015625
A,lifecycle,841.2,495.4765625
B,lifecycle,842.6,290.888671875
A,lifecycle,869.4,277.7265625
B,lifecycle,841.1,268.587890625
A,lifecycle,853.1,284.23046875
B,lifecycle,845.5,210.240234375
A,lifecycle,886.9,280.822265625
B,lifecycle,858.6,293.603515625
A,lifecycle,830.5,280.087890625
B,lifecycle,896.8,418.6796875
A,lifecycle,869.8,283.224609375
B,lifecycle,841.9,230.685546875
A,lifecycle,840.4,279.947265625
B,lifecycle,860.4,292.38671875
A,lifecycle,866.4,278.345703125
B,lifecycle,887.8,45.880859375
A,lifecycle,835.4,280.337890625
B,lifecycle,847.5,2.447265625
A,lifecycle,847.1,656.291015625
B,lifecycle,853.6,218.7734375
A,lifecycle,847.8,278.9375
B,lifecycle,885.6,111.21484375
A,lifecycle,886.3,602.859375
B,lifecycle,857.9,2.515625
A,lifecycle,858.0,277.1953125
B,lifecycle,862.9,99.47265625
A,lifecycle,859.6,264.025390625
B,lifecycle,864.0,53.8828125
A,lifecycle,847.3,46.154296875
B,lifecycle,844.6,291.671875
A,lifecycle,850.6,283.888671875
B,lifecycle,853.8,2.4921875
A,lifecycle,852.1,168.712890625
B,lifecycle,877.5,130.078125
A,lifecycle,845.5,281.04296875
B,lifecycle,848.3,94.61328125
A,lifecycle,849.8,269.9921875
B,lifecycle,853.1,44.2890625
A,lifecycle,893.2,242.37890625
B,lifecycle,894.6,287.546875
