tree,scenario,ns,bytes
A,op,62.8,231.51953125
B,op,62.1,32.994140625
A,op,61.5,19.43359375
B,op,62.9,19.9921875
A,op,62.8,32.943359375
B,op,63.0,32.68359375
A,op,62.9,119.966796875
B,op,63.0,19.46484375
A,op,61.8,19.884765625
B,op,62.3,19.529296875
A,op,62.9,43.431640625
B,op,62.9,67.142578125
A,op,63.0,19.46484375
B,op,62.8,101.099609375
A,op,62.9,24.701171875
B,op,62.9,19.927734375
A,op,62.9,19.927734375
B,op,62.9,66.6796875
A,op,62.9,19.9609375
B,op,62.9,20.283203125
A,op,62.2,103.263671875
B,op,63.2,32.724609375
A,op,64.1,120.576171875
B,op,62.9,23.60546875
A,op,71.7,20.576171875
B,op,69.8,177.24609375
A,op,68.8,44.185546875
B,op,69.2,238.9140625
A,op,64.9,94.205078125
B,op,65.8,20.7734375
A,op,64.9,146.552734375
B,op,64.7,67.142578125
A,op,64.6,43.2421875
B,op,63.8,105.6875
A,op,64.4,67.123046875
B,op,64.3,67.884765625
A,op,63.8,20.021484375
B,op,63.9,19.9609375
A,op,68.8,94.337890625
B,op,66.8,38.900390625
A,op,64.2,67.091796875
B,op,63.8,94.390625
A,op,64.2,29.48828125
B,op,64.5,19.43359375
A,op,63.4,19.43359375
B,op,64.0,27.109375
A,op,63.5,115.9609375
B,op,64.1,49.4765625
A,op,63.4,33.05078125
B,op,64.0,32.962890625
A,op,63.5,28.123046875
B,op,63.4,45.646484375
A,op,64.0,36.216796875
B,op,62.9,26.4296875
A,op,63.1,57.998046875
B,op,64.6,27.830078125
A,op,65.8,19.529296875
B,op,67.6,45.16796875
A,op,66.5,124.291015625
B,op,65.5,162.53515625
A,op,66.0,38.8515625
B,op,65.9,172.1328125
A,op,66.0,158.779296875
B,op,66.4,19.46484375
A,op,64.3,44.798828125
B,op,64.6,19.98046875
A,op,66.1,109.876953125
B,op,66.2,19.767578125
A,op,69.5,19.46484375
B,op,66.3,52.541015625
A,op,66.1,19.626953125
B,op,66.4,30.4296875
A,op,69.5,116.009765625
B,op,64.4,49.376953125
A,op,68.7,19.9609375
B,op,66.1,118.69921875
A,op,63.9,65.517578125
B,op,64.1,42.57421875
A,op,64.2,26.44921875
B,op,64.0,19.927734375
A,op,63.8,33.478515625
B,op,63.5,57.45703125
A,op,63.2,19.72265625
B,op,63.7,19.927734375
A,op,63.7,42.87890625
B,op,63.9,19.72265625
A,op,66.2,35.919921875
B,op,67.0,24.11328125
A,op,66.2,127.9921875
B,op,65.8,71.748046875
A,op,63.7,19.9921875
B,op,66.4,51.9609375
A,op,65.8,53.84765625
B,op,64.7,49.30859375
A,op,69.5,19.43359375
B,op,66.1,32.994140625
A,op,66.3,19.46484375
B,op,66.1,32.994140625
A,op,67.1,19.83984375
B,op,66.2,10.978515625
A,op,65.9,24.802734375
B,op,65.8,39.140625
A,op,63.0,42.01171875
B,op,63.5,19.498046875
A,op,62.9,264.15625
B,op,63.2,19.927734375
A,op,62.9,95.955078125
B,op,62.4,19.46484375
A,op,62.8,19.529296875
B,op,63.1,107.943359375
A,op,62.9,31.126953125
B,op,65.9,20.98828125
A,op,62.9,19.72265625
B,op,62.7,25.3671875
A,op,62.9,107.943359375
B,op,62.9,103.1953125
A,op,63.9,35.17578125
B,op,63.2,264.15625
A,op,63.5,50.421875
B,op,62.9,55.6953125
A,op,63.7,78.298828125
B,op,63.0,32.962890625
A,run,77.8,23.529296875
B,run,77.4,22.0390625
A,run,77.8,60.958984375
B,run,77.7,3.77734375
A,run,76.8,22.22265625
B,run,77.3,31.125
A,run,77.4,127.7578125
B,run,77.0,19.708984375
A,run,77.2,19.529296875
B,run,78.3,264.1640625
A,run,77.7,32.369140625
B,run,77.5,20.3828125
A,run,77.5,19.126953125
B,run,77.3,22.0390625
A,run,78.9,37.802734375
B,run,75.9,50.76171875
A,run,78.2,59.5625
B,run,77.4,20.265625
A,run,77.6,66.69140625
B,run,77.6,69.78515625
A,run,77.5,111.439453125
B,run,77.2,19.08203125
A,run,77.3,22.0078125
B,run,77.5,69.552734375
A,run,77.5,36.646484375
B,run,77.8,25.0546875
A,run,77.6,43.802734375
B,run,76.5,37.634765625
A,run,78.1,69.533203125
B,run,77.7,22.0390625
A,run,75.6,226.046875
B,run,76.0,32.923828125
A,run,75.7,19.626953125
B,run,76.9,28.83203125
A,run,77.4,69.765625
B,run,77.2,22.25390625
A,run,75.8,22.0078125
B,run,77.7,69.7734375
A,run,77.8,32.44140625
B,run,77.1,69.78515625
A,run,78.2,55.564453125
B,run,77.9,35.091796875
A,run,77.2,27.083984375
B,run,75.3,32.54296875
A,run,77.1,22.22265625
B,run,77.1,22.25390625
A,run,78.2,92.205078125
B,run,77.7,3.75390625
A,run,78.2,19.94921875
B,run,78.4,44.712890625
A,run,78.2,31.8046875
B,run,77.7,19.43359375
A,run,77.3,69.533203125
B,run,77.7,55.869140625
A,run,77.3,22.37109375
B,run,78.1,26.09765625
A,run,77.3,19.5625
B,run,77.3,22.37109375
A,run,77.2,59.734375
B,run,76.9,102.9453125
A,run,77.4,22.0390625
B,run,75.6,165.59765625
A,run,78.1,69.765625
B,run,77.8,264.15625
A,run,78.5,28.494140625
B,run,76.3,28.0625
A,run,77.1,19.806640625
B,run,77.6,111.439453125
A,run,76.9,19.43359375
B,run,77.9,69.78515625
A,run,77.4,264.1640625
B,run,77.5,32.859375
A,run,77.2,39.59375
B,run,77.8,169.435546875
A,run,77.8,35.0234375
B,run,76.7,19.677734375
A,run,77.0,19.06640625
B,run,77.2,33.28125
A,run,77.4,20.044921875
B,run,77.3,27.083984375
A,run,77.4,29.162109375
B,run,77.9,48.4375
A,run,77.0,22.25390625
B,run,77.8,69.78515625
A,run,77.6,22.25390625
B,run,77.5,27.099609375
A,run,78.2,27.083984375
B,run,77.0,20.173828125
A,run,78.0,69.765625
B,run,77.3,52.41796875
A,run,76.4,69.765625
B,run,77.7,22.25390625
A,run,78.3,69.765625
B,run,77.6,20.85546875
A,run,81.8,68.37890625
B,run,84.0,21.11328125
A,run,78.4,100.58203125
B,run,84.3,139.310546875
A,run,86.8,19.43359375
B,run,84.7,43.072265625
A,run,83.2,234.357421875
B,run,83.4,26.8046875
A,run,78.5,55.51171875
B,run,83.9,97.349609375
A,run,84.7,48.70703125
B,run,84.3,264.2265625
A,run,84.1,65.248046875
B,run,82.6,143.533203125
A,run,80.0,23.95703125
B,run,80.5,69.552734375
A,run,81.7,47.955078125
B,run,82.8,264.234375
A,run,81.2,158.18359375
B,run,80.7,256.185546875
A,run,81.5,19.203125
B,run,78.3,139.642578125
A,run,78.9,63.7421875
B,run,78.3,63.521484375
A,run,83.8,252.44921875
B,run,83.1,29.4375
A,run,82.0,19.146484375
B,run,81.6,42.80859375
A,session,715.2,609.384765625
B,session,692.8,599.302734375
A,session,770.5,609.3203125
B,session,718.0,656.603515625
A,session,642.8,609.439453125
B,session,649.1,656.603515625
A,session,670.7,609.3203125
B,session,627.1,656.603515625
A,session,632.1,115.712890625
B,session,628.9,157.08984375
A,session,653.9,609.345703125
B,session,636.6,656.572265625
A,session,610.3,1.3359375
B,session,647.2,656.572265625
A,session,643.2,609.3203125
B,session,619.1,656.603515625
A,session,636.5,120.9140625
B,session,642.0,656.365234375
A,session,676.3,609.302734375
B,session,1017.8,656.572265625
A,session,628.4,609.3203125
B,session,974.4,638.5859375
A,session,646.0,324.267578125
B,session,1015.8,657.013671875
A,session,649.5,609.287109375
B,session,727.8,656.572265625
A,session,634.2,123.71484375
B,session,694.1,656.603515625
A,session,663.8,7.94140625
B,session,1024.8,20.6796875
A,session,591.1,341.0390625
B,session,699.7,656.572265625
A,session,1045.3,609.416015625
B,session,648.4,212.376953125
A,session,649.9,156.92578125
B,session,645.6,657.013671875
A,session,642.9,609.314453125
B,session,760.8,656.572265625
A,session,666.3,609.255859375
B,session,698.0,657.326171875
A,session,1042.1,609.287109375
B,session,654.5,656.572265625
A,session,927.4,69.939453125
B,session,638.7,31.501953125
A,session,656.7,609.255859375
B,session,664.2,92.994140625
A,session,702.4,11.384765625
B,session,910.2,656.572265625
A,session,750.7,609.255859375
B,session,652.1,656.572265625
A,session,620.7,609.302734375
B,session,650.6,656.603515625
A,session,639.7,609.255859375
B,session,654.4,204.375
A,session,661.8,1.3359375
B,session,1026.7,58.76171875
A,session,640.1,610.01953125
B,session,1009.6,599.302734375
A,session,634.3,307.01953125
B,session,664.3,656.603515625
A,session,640.0,560.080078125
B,session,666.4,656.98046875
A,session,665.6,609.255859375
B,session,733.0,657.326171875
A,session,649.6,609.416015625
B,session,655.3,44.755859375
A,session,1002.5,609.333984375
B,session,696.1,656.603515625
A,session,635.3,276.90234375
B,session,1049.3,657.013671875
A,session,702.2,1.3359375
B,session,653.6,656.572265625
A,session,651.8,609.3203125
B,session,619.8,656.572265625
A,session,606.0,609.287109375
B,session,576.3,656.572265625
A,session,578.5,609.255859375
B,session,563.9,656.572265625
A,session,581.5,124.990234375
B,session,575.7,656.603515625
A,session,605.7,609.373046875
B,session,590.5,656.603515625
A,session,570.3,11.384765625
B,session,611.2,656.365234375
A,session,600.5,609.267578125
B,session,832.8,149.107421875
A,session,593.2,609.3203125
B,session,601.9,58.57421875
A,session,613.7,609.255859375
B,session,636.0,656.603515625
A,session,593.9,609.3515625
B,session,610.5,20.673828125
A,session,602.8,11.384765625
B,session,584.5,656.603515625
A,session,595.8,609.287109375
B,session,577.3,656.572265625
A,session,593.9,148.99609375
B,session,597.0,657.013671875
A,session,580.1,609.408203125
B,session,574.3,656.572265625
A,session,580.8,115.712890625
B,session,571.9,657.013671875
A,session,587.4,148.99609375
B,session,576.3,656.572265625
A,session,576.9,609.3515625
B,session,558.0,656.572265625
A,session,581.9,101.7109375
B,session,566.1,20.66015625
A,session,577.3,609.384765625
B,session,588.2,656.603515625
A,session,569.7,609.287109375
B,session,567.9,656.572265625
A,session,558.5,609.255859375
B,session,557.1,656.603515625
A,session,574.4,0.01171875
B,session,593.1,656.603515625
A,session,573.4,7.173828125
B,session,585.8,657.357421875
A,session,555.4,19.38671875
B,session,588.2,656.603515625
A,session,580.5,609.986328125
B,session,564.4,656.603515625
A,tagged,170.0,81.255859375
B,tagged,167.7,53.904296875
A,tagged,213.8,443.16796875
B,tagged,167.1,82.724609375
A,tagged,164.3,81.30078125
B,tagged,176.9,81.0390625
A,tagged,166.3,203.783203125
B,tagged,166.9,81.625
A,tagged,168.8,509.939453125
B,tagged,176.9,584.27734375
A,tagged,167.6,388.48828125
B,tagged,179.2,81.44921875
A,tagged,186.6,584.275390625
B,tagged,182.0,321.611328125
A,tagged,166.8,82.5859375
B,tagged,167.2,2.208984375
A,tagged,166.3,81.255859375
B,tagged,166.4,82.01953125
A,tagged,182.2,561.025390625
B,tagged,167.0,339.978515625
A,tagged,166.7,81.30078125
B,tagged,178.8,81.779296875
A,tagged,166.9,584.453125
B,tagged,167.9,82.3125
A,tagged,167.5,28.447265625
B,tagged,168.2,81.619140625
A,tagged,165.8,81.30078125
B,tagged,176.7,81.458984375
A,tagged,178.0,81.255859375
B,tagged,176.3,81.466796875
A,tagged,163.9,81.806640625
B,tagged,166.9,400.14453125
A,tagged,184.5,81.048828125
B,tagged,226.1,211.43359375
A,tagged,167.0,81.30078125
B,tagged,168.8,79.8671875
A,tagged,165.1,81.943359375
B,tagged,176.5,556.7265625
A,tagged,172.9,81.4609375
B,tagged,177.6,572.6796875
A,tagged,168.4,81.63671875
B,tagged,168.8,243.79296875
A,tagged,167.4,41.78125
B,tagged,175.6,584.2734375
A,tagged,167.8,82.318359375
B,tagged,168.7,81.779296875
A,tagged,167.2,81.30078125
B,tagged,179.5,322.513671875
A,tagged,217.3,81.94921875
B,tagged,218.9,81.255859375
A,tagged,290.5,584.294921875
B,tagged,189.8,2.40234375
A,tagged,176.8,82.400390625
B,tagged,186.3,494.642578125
A,tagged,230.0,203.423828125
B,tagged,181.6,394.177734375
A,tagged,224.9,378.3515625
B,tagged,179.6,82.107421875
A,tagged,175.7,44.564453125
B,tagged,168.2,81.8828125
A,tagged,171.9,82.5859375
B,tagged,180.0,81.458984375
A,tagged,167.5,81.5546875
B,tagged,170.9,81.943359375
A,tagged,185.3,456.021484375
B,tagged,197.3,404.09765625
A,tagged,174.0,82.1328125
B,tagged,165.7,399.859375
A,tagged,173.0,284.74609375
B,tagged,169.1,81.255859375
A,tagged,165.6,81.99609375
B,tagged,181.3,70.990234375
A,tagged,165.6,81.8984375
B,tagged,167.4,82.6953125
A,tagged,211.7,554.25
B,tagged,176.1,81.923828125
A,tagged,166.6,81.755859375
B,tagged,165.9,81.80078125
A,tagged,167.5,404.435546875
B,tagged,165.9,82.265625
A,tagged,227.2,82.69140625
B,tagged,217.2,584.294921875
A,tagged,167.2,82.19140625
B,tagged,196.6,81.482421875
A,tagged,166.3,81.806640625
B,tagged,182.3,573.138671875
A,tagged,205.4,584.271484375
B,tagged,167.0,81.8828125
A,tagged,166.0,81.255859375
B,tagged,177.2,81.056640625
A,tagged,166.0,584.453125
B,tagged,176.0,81.462890625
A,tagged,167.9,81.8828125
B,tagged,166.8,392.30859375
A,tagged,162.7,81.94921875
B,tagged,167.3,81.255859375
A,tagged,182.7,44.41015625
B,tagged,168.0,81.255859375
A,tagged,167.6,82.107421875
B,tagged,179.0,81.384765625
A,tagged,167.8,526.443359375
B,tagged,176.1,81.0390625
A,tagged,164.7,81.30078125
B,tagged,196.7,81.916015625
A,tagged,167.1,81.978515625
B,tagged,177.6,531.583984375
A,tagged,166.2,584.4375
B,tagged,165.6,426.357421875
A,tagged,164.1,81.806640625
B,tagged,166.1,82.0546875
A,tagged,166.4,81.82421875
B,tagged,169.6,81.53125
A,tagged,163.4,81.806640625
B,tagged,167.7,520.482421875
A,tagged,165.8,82.07421875
B,tagged,176.0,47.607421875
A,tagged,165.2,340.0234375
B,tagged,170.7,82.76171875
A,tagged,168.1,81.30078125
B,tagged,185.7,81.6484375
A,tagged,209.5,72.49609375
B,tagged,168.4,0.7421875
A,lifecycle,834.0,87.84765625
B,lifecycle,832.0,112.44140625
A,lifecycle,869.3,87.84765625
B,lifecycle,824.2,112.44140625
A,lifecycle,831.7,112.4140625
B,lifecycle,873.4,139.837890625
A,lifecycle,817.9,93.369140625
B,lifecycle,824.0,112.44140625
A,lifecycle,873.0,87.84765625
B,lifecycle,891.0,87.84765625
A,lifecycle,828.9,139.837890625
B,lifecycle,887.2,112.44140625
A,lifecycle,819.6,112.44140625
B,lifecycle,819.3,112.44140625
A,lifecycle,847.9,87.84765625
B,lifecycle,824.2,87.84765625
A,lifecycle,868.9,87.84765625
B,lifecycle,823.8,112.44140625
A,lifecycle,824.9,87.8203125
B,lifecycle,831.6,90.89453125
A,lifecycle,831.2,135.021484375
B,lifecycle,815.6,87.84765625
A,lifecycle,817.6,118.646484375
B,lifecycle,830.7,112.44140625
A,lifecycle,830.8,87.84765625
B,lifecycle,867.2,87.84765625
A,lifecycle,813.1,87.84765625
B,lifecycle,880.0,87.84765625
A,lifecycle,822.8,87.84765625
B,lifecycle,836.2,87.84765625
A,lifecycle,855.8,112.4140625
B,lifecycle,826.1,87.84765625
A,lifecycle,855.2,127.83203125
B,lifecycle,886.1,117.357421875
A,lifecycle,832.8,87.8203125
B,lifecycle,832.3,87.84765625
A,lifecycle,829.8,99.9453125
B,lifecycle,816.8,92.74609375
A,lifecycle,857.6,116.19921875
B,lifecycle,825.9,87.84765625
A,lifecycle,825.3,87.84765625
B,lifecycle,849.3,112.44140625
A,lifecycle,810.6,86.908203125
B,lifecycle,826.0,112.44140625
A,lifecycle,823.4,87.84765625
B,lifecycle,831.5,91.234375
A,lifecycle,808.0,87.84765625
B,lifecycle,824.2,15.259765625
A,lifecycle,828.7,93.7109375
B,lifecycle,837.9,27.052734375
A,lifecycle,830.4,112.4140625
B,lifecycle,826.0,87.84765625
A,lifecycle,829.1,87.84765625
B,lifecycle,824.6,87.84765625
A,lifecycle,843.1,112.44140625
B,lifecycle,840.3,127.83203125
A,lifecycle,869.6,87.8203125
B,lifecycle,818.7,86.908203125
A,lifecycle,863.2,87.84765625
B,lifecycle,830.3,87.8203125
A,lifecycle,825.5,139.837890625
B,lifecycle,860.0,87.84765625
A,lifecycle,874.1,87.84765625
B,lifecycle,814.9,57.810546875
A,lifecycle,816.8,94.220703125
B,lifecycle,843.6,87.84765625
A,lifecycle,811.3,90.673828125
B,lifecycle,826.6,87.84765625
A,lifecycle,821.8,87.84765625
B,lifecycle,831.0,112.44140625
A,lifecycle,849.3,117.099609375
B,lifecycle,861.1,87.84765625
A,lifecycle,817.2,87.84765625
B,lifecycle,868.4,87.84765625
A,lifecycle,835.4,45.91796875
B,lifecycle,916.8,87.84765625
A,lifecycle,860.9,139.837890625
B,lifecycle,831.6,87.84765625
A,lifecycle,819.7,131.3046875
B,lifecycle,840.8,16.5546875
A,lifecycle,810.7,87.8203125
B,lifecycle,858.2,87.84765625
A,lifecycle,832.8,87.84765625
B,lifecycle,815.6,87.84765625
A,lifecycle,831.1,87.84765625
B,lifecycle,863.7,127.8046875
A,lifecycle,837.4,87.84765625
B,lifecycle,871.8,87.84765625
A,lifecycle,823.1,87.84765625
B,lifecycle,821.4,87.8203125
A,lifecycle,820.2,87.84765625
B,lifecycle,812.6,87.84765625
A,lifecycle,852.0,9.236328125
B,lifecycle,854.0,87.84765625
A,lifecycle,817.6,87.84765625
B,lifecycle,831.6,87.84765625
A,lifecycle,828.6,127.76171875
B,lifecycle,854.9,136.146484375
A,lifecycle,826.4,87.84765625
B,lifecycle,834.8,119.017578125
A,lifecycle,815.0,105.529296875
B,lifecycle,821.8,94.228515625
A,lifecycle,824.6,133.00390625
B,lifecycle,825.5,87.84765625
A,lifecycle,826.4,87.84765625
B,lifecycle,835.3,136.919921875
A,lifecycle,857.5,96.818359375
B,lifecycle,821.6,112.44140625
A,lifecycle,822.2,87.84765625
B,lifecycle,838.3,87.84765625
A,lifecycle,821.4,87.84765625
B,lifecycle,854.2,87.84765625
A,lifecycle,816.7,104.642578125
B,lifecycle,848.1,139.837890625
A,lifecycle,837.3,64.90234375
B,lifecycle,830.7,87.84765625
A,lifecycle,829.2,112.4140625
B,lifecycle,803.6,87.84765625
A,lifecycle,839.0,87.84765625
B,lifecycle,823.6,95.248046875
A,lifecycle,823.0,87.84765625
B,lifecycle,819.6,87.84765625
